{"cameraMode":{"drawMode":0,"name":"Shaded","section":"Shading Mode"},"sceneLighting":true,"audioPlay":false,"sceneViewState":{"m_AlwaysRefresh":false,"showFog":true,"showSkybox":true,"showFlares":true,"showImageEffects":true,"showParticleSystems":true,"showVisualEffectGraphs":true,"m_FxEnabled":true},"in2DMode":false,"pivot":{"x":0.9124050140380859,"y":-1.1596393585205079,"z":-0.002178192138671875},"rotation":{"x":-0.016325077041983606,"y":0.9834662079811096,"z":-0.1374875009059906,"w":-0.11679445207118988},"size":6.513190269470215,"orthographic":false}