{"cameraMode":{"drawMode":0,"name":"Shaded","section":"Shading Mode"},"sceneLighting":false,"audioPlay":false,"sceneViewState":{"m_AlwaysRefresh":false,"showFog":true,"showSkybox":false,"showFlares":true,"showImageEffects":true,"showParticleSystems":true,"showVisualEffectGraphs":true,"m_FxEnabled":true},"in2DMode":false,"pivot":{"x":-7.28000020980835,"y":2.5900001525878908,"z":-4.0199995040893559},"rotation":{"x":0.001220343867316842,"y":-0.9976053833961487,"z":0.06683755666017533,"w":0.018255069851875306},"size":7.953301429748535,"orthographic":false}